jobid,operatingcentercity,operatingcenterstate,mid,crid,permitnumber,,,mailingdate,Mail class,Job number,Delivery point,mailing center,pbps process date,pbps process time,usps facility,operation,calendar days,stop the clock
0PMA6091,Charlotte,NC,1800007503,10886931,1774,1841,27020146689237100000000000000,4/3/2015,First,0PMA6091,64468111123,Phoenix AZ,4/6/2015,11:09:19 AM,Phoenix AZ,"DBCS/DIOSS BCS DPS, 1ST PASS",3,1
0PMA6092,Cedar Rapids,IA,1802117567,11832990,3395,3462,27020146689237100000000000000,3/29/2015,First,0PMA6092,66085919320,Brisbane CA,4/6/2015,1:46:25 PM,Brisbane CA,"DBCS/DIOSS BCS DPS, 3rd PASS",8,1
0PMA6093,Ashland,VA,400473,17133408,1010,1077,27020146377560100000000000000,3/16/2015,Standard,0PMA6093,63116490313,Kansas City MO,3/24/2015,4:39:56 PM,Corona CA,"DBCS/DIOSS BCS DPS, 4th PASS",8,1
0PMA6094,Romulus,MI,1802170563,9594225,2010,2077,27020146377560000000000000000,3/25/2015,First,0PMA6094,40272503016,Jacksonville FL,3/30/2015,1:49:26 PM,Rancho Dominguez CA,"DBCS/DIOSS BCS DPS, 2nd PASS",5,1
0PMA6095,Pine Brook,NJ,1800007181,17184186,301,368,27020146377560200000000000000,4/7/2015,Standard,0PMA6095,41042303344,Romulus MI,4/13/2015,4:08:59 PM,Denver CO,"DBCS/DIOSS BCS DPS, 1ST PASS",6,1
0PMA6096,San Diego,CA,1999995481,7212636,1010,1077,27020146377560100000000000000,3/7/2015,First,0PMA6096,54456133305,Fridley MN,3/10/2015,9:38:53 AM,Hartford CT,"DBCS/DIOSS BCS DPS, 1ST PASS",3,1
0PMA6097,Lincoln,NE,1802626637,38113497,4125,4192,27020146377560000000000000000,3/26/2015,Standard,0PMA6097,72396757006,Jacksonville FL,4/3/2015,2:33:56 PM,Jacksonville FL,"DBCS/DIOSS BCS DPS, 3rd PASS",8,1
0PMA6098,Brisbane,CA,1800006827,11858424,3395,3462,27020146377560000000000000000,4/4/2015,First,0PMA6098,24064151128,Kansas City MO,4/10/2015,2:38:50 PM,Atlanta GA,"DBCS/DIOSS BCS DPS, 1ST PASS",6,1
0PMA6099,Grove City,OH,1818267003,12929859,3101,3168,27020146377560000000000000000,3/28/2015,Standard,0PMA6099,44312362240,Jacksonville FL,4/6/2015,1:17:02 PM,Cedar Rapids IA,"DBCS/DIOSS BCS DPS, 3rd PASS",9,1
0PMA6100,Charlotte,NC,1802020743,18058923,858,925,27020146377560200000000000000,3/13/2015,First,0PMA6100,33167153380,Romulus MI,3/14/2015,11:41:51 AM,Indianapolis IN,"DBCS/DIOSS BCS DPS, 4th PASS",1,1
0PMA6101,Denver,CO,1802167155,19306242,858,925,27020146377560100000000000000,4/1/2015,Standard,0PMA6101,76302291022,Fridley MN,4/8/2015,9:49:49 AM,Baltimore MD,"DBCS/DIOSS BCS DPS, 3rd PASS",7,1
0PMA6102,Fridley,MN,1800007509,17203542,1055,1122,27020146377560100000000000000,3/21/2015,First,0PMA6102,91607198500,Kansas City MO,3/25/2015,12:56:18 PM,Romulus MI,"DBCS/DIOSS BCS DPS, 3rd PASS",4,1
0PMA6103,Hartford,CT,1800006947,9387318,3395,3462,27020146377560000000000000000,3/18/2015,First,0PMA6103,89512175207,Hartford CT,3/22/2015,9:11:05 AM,Fridley MN,"DBCS/DIOSS BCS DPS, 4th PASS",4,1
0PMA6104,Grand Prairie,TX,1802130731,13626975,2010,2077,27020146377560200000000000000,3/26/2015,First,0PMA6104,97403198457,Jacksonville FL,3/28/2015,4:13:26 PM,Kansas City MO,"DBCS/DIOSS BCS DPS, 1ST PASS",2,1
0PMA6105,Indianapolis,IN,1803097149,34273215,291,358,27020146679314900000000000000,3/30/2015,Standard,0PMA6105,97504473450,Jacksonville FL,4/2/2015,4:15:27 PM,Charlotte NC,"DBCS/DIOSS BCS DPS, 3rd PASS",3,1
0PMA6106,Austin,TX,1802000001,14972544,2010,2077,27020146679314900000000000000,3/4/2015,First,0PMA6106,80246214329,Romulus MI,3/7/2015,11:04:08 AM,Lincoln NE,"DBCS/DIOSS BCS DPS, 4th PASS",3,1
0PMA6107,Jacksonville,FL,1802170521,18828327,301,368,27020146679314900000000000000,4/5/2015,Standard,0PMA6107,13782180876,Fridley MN,4/10/2015,11:21:42 AM,Pine Brook NJ,"DBCS/DIOSS BCS DPS, 2nd PASS",5,1
0PMA6108,Indianapolis,IN,1802153671,19576137,484,551,27020146679314900000000000000,3/11/2015,First,0PMA6108,48371523586,Kansas City MO,3/19/2015,4:24:14 PM,Cincinnati OH,"DBCS/DIOSS BCS DPS, 1ST PASS",8,1
0PMA6109,Austin,TX,1803123497,12931353,366,433,27020146679314900000000000000,3/22/2015,First,0PMA6109,28607782774,Kent WA,4/1/2015,2:00:32 PM,BenSalem PA,"DBCS/DIOSS BCS DPS, 3rd PASS",10,1
0PMA6110,Jacksonville,FL,1802237093,984756,11618,11685,27020146679314900000000000000,3/15/2015,Standard,0PMA6110,38006376337,Pine Brook NJ,3/19/2015,9:51:16 AM,Duncan SC,"DBCS/DIOSS BCS DPS, 4th PASS",4,1
0PMA6111,Hicksville,NY,1802645685,38356386,4125,4192,27020146590280400000000000000,3/3/2015,First,0PMA6111,92115337304,Hartford CT,3/10/2015,1:57:13 PM,Austin TX,"DBCS/DIOSS BCS DPS, 2nd PASS",7,1
0PMA6112,Duncan,SC,400069,15513870,427,494,27020146584408200000000000000,4/9/2015,Standard,0PMA6112,68410620016,Jacksonville FL,4/14/2015,11:30:37 AM,Kent WA,"DBCS/DIOSS BCS DPS, 1ST PASS",5,1
0PMA6113,Omaha,NE,1802834321,40645503,388,455,27020146590278900000000000000,4/8/2015,First,0PMA6113,11784401331,Atlanta GA,4/12/2015,10:37:12 AM,Phoenix AZ,"DBCS/DIOSS BCS DPS, 3rd PASS",4,1
0PMA6114,Kent,WA,1802031971,16343016,858,925,27020146575414000000000000000,3/15/2015,Standard,0PMA6114,28365603814,Hartford CT,3/24/2015,4:51:36 PM,Brisbane CA,"DBCS/DIOSS BCS DPS, 3rd PASS",9,1
0PMA6115,Urbandale,IA,1802376565,7827471,2010,2077,27020146575414100000000000000,3/10/2015,First,0PMA6115,28314516285,Jacksonville FL,3/17/2015,4:32:53 PM,Corona CA,"DBCS/DIOSS BCS DPS, 4th PASS",7,1
0PMA6116,Madison,WI,1802081779,18072339,484,551,27020146590280700000000000000,3/31/2015,Standard,0PMA6116,30527184048,Romulus MI,4/5/2015,8:46:19 AM,Rancho Dominguez CA,"DBCS/DIOSS BCS DPS, 2nd PASS",5,1
0PMA6117,Denver,CO,1803009441,7827471,366,433,27020146584406900000000000000,3/1/2015,First,0PMA6117,92154227295,Fridley MN,3/11/2015,9:42:03 AM,Denver CO,"DBCS/DIOSS BCS DPS, 1ST PASS",10,1
0PMA6118,Fridley,MN,212699,7295442,11618,11685,27020146584407000000000000000,3/23/2015,Standard,0PMA6118,32732893493,Kansas City MO,4/1/2015,8:59:25 AM,Hartford CT,"DBCS/DIOSS BCS DPS, 3rd PASS",9,1
0PMA6119,Kent,WA,1802370497,17317998,4125,4192,27020146590278300000000000000,3/21/2015,First,0PMA6119,92056353870,Jacksonville FL,3/30/2015,12:33:42 PM,Jacksonville FL,"DBCS/DIOSS BCS DPS, 2nd PASS",9,1
0PMA6120,Urbandale,IA,1802170609,9772893,427,494,27020146584406600000000000000,3/14/2015,First,0PMA6120,44406760169,Romulus MI,3/17/2015,12:59:20 PM,Atlanta GA,"DBCS/DIOSS BCS DPS, 1ST PASS",3,1
0PMA6121,Madison,WI,1800007181,17184186,388,455,27020146584407000000000000000,4/3/2015,First,0PMA6121,85297523179,Fridley MN,4/9/2015,3:53:25 PM,Cedar Rapids IA,"DBCS/DIOSS BCS DPS, 3rd PASS",6,1
0PMA6122,Denver,CO,1802728445,15801702,858,925,27020146590283200000000000000,3/11/2015,Standard,0PMA6122,45216000000,Kansas City MO,3/14/2015,3:20:27 PM,Indianapolis IN,"DBCS/DIOSS BCS DPS, 4th PASS",3,1
0PMA6123,Fridley,MN,1802376639,7827471,2010,2077,27020146590283200000000000000,2/27/2015,First,0PMA6123,92336316637,Charlotte NC,3/4/2015,2:19:41 PM,Baltimore MD,"DBCS/DIOSS BCS DPS, 2nd PASS",5,1
0PMA6124,Hartford,CT,1806891003,13452744,145,212,27020146590283200000000000000,3/17/2015,Standard,0PMA6124,20886395201,Lincoln NE,3/20/2015,3:59:20 PM,Romulus MI,"DBCS/DIOSS BCS DPS, 1ST PASS",3,1
0PMA6125,Grand Prairie,TX,1802176393,25288341,222,289,27020146590283500000000000000,3/31/2015,First,0PMA6125,68852001414,Pine Brook NJ,4/8/2015,8:17:14 AM,Fridley MN,"DBCS/DIOSS BCS DPS, 3rd PASS",8,1
0PMA6126,Grove City,OH,1802169631,9427152,858,925,27020146590283500000000000000,4/12/2015,Standard,0PMA6126,35611427807,Hartford CT,4/14/2015,9:22:28 AM,Kansas City MO,"DBCS/DIOSS BCS DPS, 4th PASS",2,1
0PMA6127,Rancho Dominguez,CA,1802045117,9232092,858,925,27020146590283500000000000000,2/27/2015,Standard,0PMA6127,30004664399,Jacksonville FL,3/3/2015,4:37:55 PM,Charlotte NC,"DBCS/DIOSS BCS DPS, 2nd PASS",4,1
0PMA6128,Hicksville,NY,1802130625,12168087,1055,1122,27020146590283500000000000000,4/8/2015,First,0PMA6128,98155756057,Atlanta GA,4/12/2015,12:55:18 PM,Lincoln NE,"DBCS/DIOSS BCS DPS, 1ST PASS",4,1
0PMA6129,Duncan,SC,1802170149,24915747,3395,3462,27020146590283500000000000000,2/28/2015,Standard,0PMA6129,77573627942,Hartford CT,3/4/2015,12:20:36 PM,Pine Brook NJ,"DBCS/DIOSS BCS DPS, 3rd PASS",4,1
0PMA6130,Omaha,NE,1802170155,14684184,1055,1122,27020146590282800000000000000,3/31/2015,First,0PMA6130,78747394001,Jacksonville FL,4/7/2015,3:22:36 PM,Cincinnati OH,"DBCS/DIOSS BCS DPS, 4th PASS",7,1
0PMA6131,Kent,WA,1802167001,13001070,301,368,27020146590282800000000000000,2/22/2015,Standard,0PMA6131,44141174310,Romulus MI,3/2/2015,11:20:15 AM,BenSalem PA,"DBCS/DIOSS BCS DPS, 2nd PASS",8,1
0PMA6132,Urbandale,IA,1795517,39805581,858,925,27020146590282900000000000000,3/19/2015,First,0PMA6132,89134642853,Fridley MN,3/20/2015,4:35:11 PM,Duncan SC,"DBCS/DIOSS BCS DPS, 2nd PASS",1,1
0PMA6133,Madison,WI,1802383011,33959334,301,368,27020146590282900000000000000,2/27/2015,Standard,0PMA6133,28697095555,Kansas City MO,3/1/2015,11:23:34 AM,Austin TX,"DBCS/DIOSS BCS DPS, 1ST PASS",2,1
0PMA6134,Denver,CO,1802167163,16100025,145,212,27020146590281300000000000000,3/24/2015,First,0PMA6134,17201245836,Charlotte NC,3/26/2015,11:32:38 AM,Kent WA,"DBCS/DIOSS BCS DPS, 3rd PASS",2,1
0PMA6135,Fridley,MN,1802228791,11780505,3101,3168,27020146590278600000000000000,3/21/2015,Standard,0PMA6135,79705620329,Lincoln NE,3/22/2015,10:40:39 AM,Phoenix AZ,"DBCS/DIOSS BCS DPS, 4th PASS",1,1
0PMA6136,Hicksville,NY,1802728457,9726609,1010,1077,27020146590278900000000000000,3/14/2015,Standard,0PMA6136,6249251980,Indianapolis IN,3/22/2015,4:05:31 PM,Brisbane CA,"DBCS/DIOSS BCS DPS, 2nd PASS",8,1
0PMA6137,West Sacramento,CA,1846141003,13424688,145,212,27020146590280100000000000000,3/26/2015,First,0PMA6137,68901361135,Baltimore MD,4/3/2015,3:07:12 PM,Corona CA,"DBCS/DIOSS BCS DPS, 3rd PASS",8,1
0PMA6138,Pine Brook,NJ,203751,15087471,291,358,27020146590281200000000000000,3/9/2015,Standard,0PMA6138,93706395751,Romulus MI,3/15/2015,2:01:15 PM,Rancho Dominguez CA,"DBCS/DIOSS BCS DPS, 4th PASS",6,1
0PMA6139,San Diego,CA,1795433,19589340,484,551,27020146590279600000000000000,3/28/2015,First,0PMA6139,70805440766,Phoenix AZ,4/5/2015,4:01:38 PM,Denver CO,"DBCS/DIOSS BCS DPS, 2nd PASS",8,1
0PMA6140,Lincoln,NE,1803138589,12990336,3101,3168,27020146590280300000000000000,3/30/2015,Standard,0PMA6140,21061483059,Romulus MI,4/5/2015,1:38:30 PM,Hartford CT,"DBCS/DIOSS BCS DPS, 1ST PASS",6,1
0PMA6141,Brisbane,CA,1800007503,10886931,1774,1841,27020146590279000000000000000,3/23/2015,First,0PMA6141,64468111123,Duncan SC,3/28/2015,1:49:18 PM,Jacksonville FL,"DBCS/DIOSS BCS DPS, 3rd PASS",5,1
0PMA6142,Omaha,NE,1802117567,11832990,3395,3462,27020146590279900000000000000,3/23/2015,Standard,0PMA6142,66085919320,Charlotte NC,4/1/2015,2:02:33 PM,Atlanta GA,"DBCS/DIOSS BCS DPS, 4th PASS",9,1
0PMA6143,Kent,WA,400473,17133408,1010,1077,27020146584410100000000000000,3/20/2015,First,0PMA6143,63116490313,Lincoln NE,3/30/2015,1:56:30 PM,Cedar Rapids IA,"DBCS/DIOSS BCS DPS, 2nd PASS",10,1
0PMA6144,Urbandale,IA,1802170563,9594225,427,494,27020146584409700000000000000,4/7/2015,Standard,0PMA6144,40272503016,Indianapolis IN,4/11/2015,2:39:50 PM,Indianapolis IN,"DBCS/DIOSS BCS DPS, 1ST PASS",4,1
0PMA6145,Madison,WI,1800007181,17184186,388,455,27020146590279700000000000000,3/19/2015,First,0PMA6145,41042303344,Baltimore MD,3/25/2015,9:15:07 AM,Baltimore MD,"DBCS/DIOSS BCS DPS, 2nd PASS",6,1
0PMA6146,Denver,CO,1999995481,7212636,858,925,27020146584409700000000000000,3/6/2015,Standard,0PMA6146,54456133305,Romulus MI,3/16/2015,1:53:20 PM,Romulus MI,"DBCS/DIOSS BCS DPS, 1ST PASS",10,1
0PMA6147,Fridley,MN,1802626637,38113497,2010,2077,27020146590278900000000000000,3/15/2015,First,0PMA6147,72396757006,Austin TX,3/23/2015,9:27:30 AM,Fridley MN,"DBCS/DIOSS BCS DPS, 1ST PASS",8,1
0PMA6148,Hartford,CT,1800006827,11858424,145,212,27020146590279200000000000000,2/27/2015,Standard,0PMA6148,24064151128,Kent WA,3/1/2015,2:45:36 PM,Kansas City MO,"DBCS/DIOSS BCS DPS, 1ST PASS",2,1
0PMA6149,Omaha,NE,1818267003,12929859,222,289,27020146590281000000000000000,3/4/2015,First,0PMA6149,44312362240,Phoenix AZ,3/11/2015,11:26:10 AM,Charlotte NC,"DBCS/DIOSS BCS DPS, 3rd PASS",7,1
0PMA6150,Kent,WA,1802020743,18058923,858,925,27020146584407000000000000000,3/8/2015,First,0PMA6150,33167153380,Brisbane CA,3/12/2015,10:34:02 AM,Lincoln NE,"DBCS/DIOSS BCS DPS, 4th PASS",4,1
0PMA6151,Romulus,MI,1802167155,19306242,301,368,27020146590279900000000000000,2/26/2015,Standard,0PMA6151,76302291022,Corona CA,3/7/2015,10:59:14 AM,Pine Brook NJ,"DBCS/DIOSS BCS DPS, 2nd PASS",9,1
0PMA6152,Pine Brook,NJ,1800007509,17203542,145,212,27020146584406700000000000000,4/1/2015,First,0PMA6152,91607198500,Phoenix AZ,4/2/2015,8:51:39 AM,Cincinnati OH,"DBCS/DIOSS BCS DPS, 1ST PASS",1,1
0PMA6153,San Diego,CA,1800006947,9387318,3101,3168,27020146584406700000000000000,4/3/2015,Standard,0PMA6153,89512175207,Kent WA,4/9/2015,2:30:29 PM,BenSalem PA,"DBCS/DIOSS BCS DPS, 3rd PASS",6,1
0PMA6154,Lincoln,NE,1802130731,13626975,1010,1077,27020146584406500000000000000,4/7/2015,Standard,0PMA6154,97403198457,Phoenix AZ,4/14/2015,1:35:11 PM,Duncan SC,"DBCS/DIOSS BCS DPS, 4th PASS",7,1
0PMA6155,Brisbane,CA,1803097149,34273215,145,212,27020146590279100000000000000,3/6/2015,First,0PMA6155,97504473450,Brisbane CA,3/12/2015,1:30:35 PM,Austin TX,"DBCS/DIOSS BCS DPS, 2nd PASS",6,1
0PMA6156,Hicksville,NY,1802000001,14972544,291,358,27020146584406700000000000000,3/16/2015,First,0PMA6156,80246214329,Corona CA,3/26/2015,1:57:22 PM,Kent WA,"DBCS/DIOSS BCS DPS, 1ST PASS",10,1
0PMA6157,West Sacramento,CA,1802170521,18828327,484,551,27020146590281200000000000000,4/1/2015,Standard,0PMA6157,13782180876,Phoenix AZ,4/5/2015,11:54:06 AM,Phoenix AZ,"DBCS/DIOSS BCS DPS, 3rd PASS",4,1
0PMA6158,Pine Brook,NJ,1802153671,19576137,1010,1077,27020146590280200000000000000,3/18/2015,First,0PMA6158,48371523586,Romulus MI,3/20/2015,4:04:39 PM,Brisbane CA,"DBCS/DIOSS BCS DPS, 4th PASS",2,1
0PMA6159,Ashland,VA,1803123497,12931353,4125,4192,27020146590280800000000000000,3/27/2015,Standard,0PMA6159,28607782774,Duncan SC,4/2/2015,11:36:23 AM,Corona CA,"DBCS/DIOSS BCS DPS, 2nd PASS",6,1
0PMA6160,Romulus,MI,1802237093,984756,3395,3462,27020146584407200000000000000,2/24/2015,First,0PMA6160,38006376337,Austin TX,3/6/2015,2:08:44 PM,Rancho Dominguez CA,"DBCS/DIOSS BCS DPS, 1ST PASS",10,1
0PMA6161,Pine Brook,NJ,1802645685,38356386,3101,3168,27020146584407400000000000000,3/30/2015,Standard,0PMA6161,92115337304,Kent WA,4/8/2015,10:57:13 AM,Denver CO,"DBCS/DIOSS BCS DPS, 3rd PASS",9,1
0PMA6162,San Diego,CA,400069,15513870,484,551,27020146590279900000000000000,3/23/2015,First,0PMA6162,68410620016,Phoenix AZ,3/25/2015,12:11:31 PM,Hartford CT,"DBCS/DIOSS BCS DPS, 3rd PASS",2,1
0PMA6163,Lincoln,NE,1802834321,40645503,1209,1276,27020146590280900000000000000,4/3/2015,First,0PMA6163,11784401331,Pine Brook NJ,4/9/2015,1:56:04 PM,Jacksonville FL,"DBCS/DIOSS BCS DPS, 1ST PASS",6,1
0PMA6164,Brisbane,CA,1802031971,16343016,484,551,27020146584407400000000000000,3/26/2015,First,0PMA6164,28365603814,Cincinnati OH,3/29/2015,9:53:43 AM,Atlanta GA,"DBCS/DIOSS BCS DPS, 2nd PASS",3,1
0PMA6165,Hicksville,NY,1802376565,7827471,2144,2211,27020146590278800000000000000,3/25/2015,Standard,0PMA6165,28314516285,BenSalem PA,4/3/2015,4:57:56 PM,Cedar Rapids IA,"DBCS/DIOSS BCS DPS, 1ST PASS",9,1
0PMA6166,Cedar Rapids,IA,1802081779,18072339,484,551,27020146584411500000000000000,3/25/2015,First,0PMA6166,30527184048,Indianapolis IN,3/27/2015,3:24:03 PM,Indianapolis IN,"DBCS/DIOSS BCS DPS, 3rd PASS",2,1
0PMA6167,Ashland,VA,1803009441,7827471,366,433,27020146584407500000000000000,3/19/2015,Standard,0PMA6167,92154227295,Duncan SC,3/26/2015,1:27:50 PM,Baltimore MD,"DBCS/DIOSS BCS DPS, 4th PASS",7,1
0PMA6168,Romulus,MI,212699,7295442,11618,11685,27020146584407000000000000000,3/17/2015,Standard,0PMA6168,32732893493,Austin TX,3/24/2015,11:17:48 AM,Romulus MI,"DBCS/DIOSS BCS DPS, 2nd PASS",7,1
0PMA6169,Stafford,TX,1802370497,17317998,4125,4192,27020146590281300000000000000,4/6/2015,Standard,0PMA6169,92056353870,Kent WA,4/14/2015,9:17:34 AM,Fridley MN,"DBCS/DIOSS BCS DPS, 3rd PASS",8,1
0PMA6170,Phoenix,AZ,1802170609,9772893,484,551,27020146590281000000000000000,3/26/2015,First,0PMA6170,44406760169,Phoenix AZ,4/3/2015,12:09:30 PM,Kansas City MO,"DBCS/DIOSS BCS DPS, 4th PASS",8,1
0PMA6171,Denver,CO,1800007181,17184186,484,551,27020146584411600000000000000,3/18/2015,Standard,0PMA6171,85297523179,Brisbane CA,3/27/2015,11:19:58 AM,Charlotte NC,"DBCS/DIOSS BCS DPS, 2nd PASS",9,1
0PMA6172,Fridley,MN,1802728445,15801702,1010,1077,27020146584408200000000000000,2/27/2015,First,0PMA6172,45216000000,Corona CA,3/6/2015,3:59:20 PM,Lincoln NE,"DBCS/DIOSS BCS DPS, 1ST PASS",7,1
0PMA6173,Hartford,CT,1802376639,7827471,4125,4192,27020146590278800000000000000,3/25/2015,First,0PMA6173,92336316637,Pine Brook NJ,4/3/2015,12:21:19 PM,Pine Brook NJ,"DBCS/DIOSS BCS DPS, 3rd PASS",9,1
0PMA6174,Grand Prairie,TX,1806891003,13452744,3395,3462,27020146584411600000000000000,3/21/2015,Standard,0PMA6174,20886395201,Cincinnati OH,3/29/2015,3:01:09 PM,Cincinnati OH,"DBCS/DIOSS BCS DPS, 4th PASS",8,1
0PMA6175,Indianapolis,IN,1802176393,25288341,3101,3168,27020146584411600000000000000,3/27/2015,First,0PMA6175,68852001414,BenSalem PA,4/4/2015,1:41:40 PM,BenSalem PA,"DBCS/DIOSS BCS DPS, 2nd PASS",8,1
0PMA6176,Austin,TX,1802169631,9427152,484,551,27020146590279000000000000000,3/20/2015,Standard,0PMA6176,35611427807,Romulus MI,3/27/2015,4:21:22 PM,Duncan SC,"DBCS/DIOSS BCS DPS, 1ST PASS",7,1
0PMA6177,Phoenix,AZ,1802045117,9232092,1209,1276,27020146590280000000000000000,3/7/2015,Standard,0PMA6177,30004664399,Phoenix AZ,3/9/2015,12:02:44 PM,Austin TX,"DBCS/DIOSS BCS DPS, 4th PASS",2,1
0PMA6178,Denver,CO,1802130625,12168087,484,551,27020146584407800000000000000,4/2/2015,Standard,0PMA6178,98155756057,Brisbane CA,4/5/2015,2:33:48 PM,Kent WA,"DBCS/DIOSS BCS DPS, 2nd PASS",3,1
0PMA6179,Fridley,MN,1802170149,24915747,2144,2211,27020146584408000000000000000,4/1/2015,First,0PMA6179,77573627942,Corona CA,4/5/2015,9:57:36 AM,Phoenix AZ,"DBCS/DIOSS BCS DPS, 1ST PASS",4,1
0PMA6180,Hartford,CT,1802170155,14684184,2010,2077,27020146584410100000000000000,3/23/2015,Standard,0PMA6180,78747394001,Pine Brook NJ,3/27/2015,12:09:04 PM,Brisbane CA,"DBCS/DIOSS BCS DPS, 3rd PASS",4,1
0PMA6181,Grand Prairie,TX,1802167001,13001070,145,212,27020146590281400000000000000,3/18/2015,First,0PMA6181,44141174310,Cincinnati OH,3/22/2015,1:48:00 PM,Corona CA,"DBCS/DIOSS BCS DPS, 4th PASS",4,1
0PMA6182,Indianapolis,IN,1795517,39805581,222,289,27020146590278800000000000000,3/18/2015,Standard,0PMA6182,89134642853,BenSalem PA,3/23/2015,2:05:00 PM,Rancho Dominguez CA,"DBCS/DIOSS BCS DPS, 4th PASS",5,1
0PMA6183,Austin,TX,1802383011,33959334,858,925,27020146590279200000000000000,3/13/2015,First,0PMA6183,28697095555,Jacksonville FL,3/15/2015,11:02:07 AM,Denver CO,"DBCS/DIOSS BCS DPS, 2nd PASS",2,1
0PMA6184,Jacksonville,FL,1802167163,16100025,858,925,27020146584407800000000000000,3/23/2015,Standard,0PMA6184,17201245836,Atlanta GA,3/27/2015,11:51:04 AM,Hartford CT,"DBCS/DIOSS BCS DPS, 1ST PASS",4,1
0PMA6185,Reading,PA,1802228791,11780505,1055,1122,27020146584408100000000000000,3/8/2015,First,0PMA6185,79705620329,Duncan SC,3/10/2015,1:34:45 PM,Jacksonville FL,"DBCS/DIOSS BCS DPS, 3rd PASS",2,1
0PMA6186,Hartford,CT,1802728457,9726609,3395,3462,27020146584407400000000000000,3/25/2015,First,0PMA6186,6249251980,Austin TX,4/2/2015,8:17:40 AM,Atlanta GA,"DBCS/DIOSS BCS DPS, 4th PASS",8,1
0PMA6187,Grand Prairie,TX,1846141003,13424688,2010,2077,27020146590280300000000000000,2/21/2015,Standard,0PMA6187,68901361135,Corona CA,3/1/2015,3:12:32 PM,Cedar Rapids IA,"DBCS/DIOSS BCS DPS, 2nd PASS",8,1
0PMA6188,Indianapolis,IN,203751,15087471,291,358,27020146590280500000000000000,3/16/2015,First,0PMA6188,93706395751,Hartford CT,3/19/2015,10:27:33 AM,Indianapolis IN,"DBCS/DIOSS BCS DPS, 1ST PASS",3,1
0PMA6189,Austin,TX,1795433,19589340,2010,2077,27020146575414000000000000000,3/17/2015,Standard,0PMA6189,70805440766,Jacksonville FL,3/22/2015,10:59:05 AM,Baltimore MD,"DBCS/DIOSS BCS DPS, 3rd PASS",5,1
0PMA6190,Jacksonville,FL,1803138589,12990336,301,368,27020146590283500000000000000,3/19/2015,First,0PMA6190,21061483059,Atlanta GA,3/28/2015,2:53:23 PM,Romulus MI,"DBCS/DIOSS BCS DPS, 4th PASS",9,1
0PMA6191,Reading,PA,1800007503,10886931,1010,1077,27020146584411100000000000000,3/2/2015,Standard,0PMA6191,64468111123,Romulus MI,3/4/2015,8:24:26 AM,Fridley MN,"DBCS/DIOSS BCS DPS, 2nd PASS",2,1
0PMA6192,Charlotte,NC,1802117567,11832990,4125,4192,27020146584410900000000000000,3/11/2015,First,0PMA6192,66085919320,Fridley MN,3/16/2015,3:16:08 PM,Kansas City MO,"DBCS/DIOSS BCS DPS, 1ST PASS",5,1
0PMA6193,Cedar Rapids,IA,400473,17133408,1010,1077,27020146584406500000000000000,4/6/2015,Standard,0PMA6193,63116490313,Duncan SC,4/14/2015,9:00:43 AM,Charlotte NC,"DBCS/DIOSS BCS DPS, 3rd PASS",8,1
0PMA6194,Ashland,VA,1802170563,9594225,427,494,27020146584407100000000000000,3/16/2015,Standard,0PMA6194,40272503016,Austin TX,3/25/2015,1:26:41 PM,Lincoln NE,"DBCS/DIOSS BCS DPS, 4th PASS",9,1
0PMA6195,Romulus,MI,1800007181,17184186,388,455,27020146584407700000000000000,4/14/2015,First,0PMA6195,41042303344,Kent WA,4/15/2015,1:54:12 PM,Pine Brook NJ,"DBCS/DIOSS BCS DPS, 1ST PASS",1,1
0PMA6196,Pine Brook,NJ,1999995481,7212636,858,925,27020146575414000000000000000,2/27/2015,Standard,0PMA6196,54456133305,Brisbane CA,3/2/2015,4:06:32 PM,Cincinnati OH,"DBCS/DIOSS BCS DPS, 3rd PASS",3,1
0PMA6197,Romulus,MI,1802626637,38113497,2010,2077,27020146590281100000000000000,4/10/2015,First,0PMA6197,72396757006,Corona CA,4/15/2015,1:28:08 PM,BenSalem PA,"DBCS/DIOSS BCS DPS, 4th PASS",5,1
0PMA6198,Pine Brook,NJ,1800006827,11858424,145,212,27020146575414000000000000000,3/3/2015,Standard,0PMA6198,24064151128,Jacksonville FL,3/6/2015,10:22:39 AM,Duncan SC,"DBCS/DIOSS BCS DPS, 2nd PASS",3,1
0PMA6199,San Diego,CA,1818267003,12929859,222,289,27020146577557500000000000000,3/15/2015,First,0PMA6199,44312362240,Atlanta GA,3/25/2015,8:23:25 AM,Austin TX,"DBCS/DIOSS BCS DPS, 1ST PASS",10,1
0PMA6200,Lincoln,NE,1802020743,18058923,858,925,27020146577558500000000000000,4/9/2015,Standard,0PMA6200,33167153380,Cedar Rapids IA,4/15/2015,9:32:07 AM,Kent WA,"DBCS/DIOSS BCS DPS, 3rd PASS",6,1
0PMA6201,Atlanta,GA,1802167155,19306242,858,925,27020146584409600000000000000,2/25/2015,First,0PMA6201,76302291022,Indianapolis IN,3/2/2015,8:25:44 AM,Phoenix AZ,"DBCS/DIOSS BCS DPS, 4th PASS",5,1
0PMA6202,Atlanta,GA,1800007509,17203542,1055,1122,27020146584409800000000000000,3/2/2015,Standard,0PMA6202,91607198500,Baltimore MD,3/12/2015,8:59:08 AM,Brisbane CA,"DBCS/DIOSS BCS DPS, 2nd PASS",10,1
0PMA6203,Stafford,TX,1800006947,9387318,3395,3462,27020146584409900000000000000,3/15/2015,Standard,0PMA6203,89512175207,Romulus MI,3/24/2015,9:20:53 AM,Corona CA,"DBCS/DIOSS BCS DPS, 1ST PASS",9,1
0PMA6204,Phoenix,AZ,1802130731,13626975,2010,2077,27020146577557500000000000000,3/9/2015,First,0PMA6204,97403198457,Fridley MN,3/18/2015,10:02:04 AM,Rancho Dominguez CA,"DBCS/DIOSS BCS DPS, 2nd PASS",9,1
0PMA6205,Arlington,TX,1803097149,34273215,291,358,27020146577557400000000000000,3/3/2015,Standard,0PMA6205,97504473450,Indianapolis IN,3/6/2015,12:22:28 PM,Denver CO,"DBCS/DIOSS BCS DPS, 1ST PASS",3,1
0PMA6206,Duncan,SC,1802000001,14972544,3101,3168,27020146577557300000000000000,3/11/2015,First,0PMA6206,80246214329,Baltimore MD,3/15/2015,3:14:15 PM,Hartford CT,"DBCS/DIOSS BCS DPS, 3rd PASS",4,1
0PMA6207,Omaha,NE,1802170521,18828327,1010,1077,27020146577557300000000000000,3/2/2015,Standard,0PMA6207,13782180876,Romulus MI,3/11/2015,3:54:52 PM,Jacksonville FL,"DBCS/DIOSS BCS DPS, 4th PASS",9,1
0PMA6208,Kent,WA,1802153671,19576137,145,212,27020146584409600000000000000,2/25/2015,Standard,0PMA6208,48371523586,Fridley MN,3/2/2015,8:12:55 AM,Atlanta GA,"DBCS/DIOSS BCS DPS, 2nd PASS",5,1
0PMA6209,Urbandale,IA,1803123497,12931353,291,358,27020146577557900000000000000,3/14/2015,First,0PMA6209,28607782774,Cedar Rapids IA,3/21/2015,3:52:34 PM,Cedar Rapids IA,"DBCS/DIOSS BCS DPS, 1ST PASS",7,1
0PMA6210,Madison,WI,1802237093,984756,484,551,27020146577557700000000000000,3/8/2015,Standard,0PMA6210,38006376337,Fridley MN,3/14/2015,11:37:06 AM,Indianapolis IN,"DBCS/DIOSS BCS DPS, 1ST PASS",6,1
0PMA6211,Denver,CO,1802645685,38356386,3101,3168,27020146577557700000000000000,2/28/2015,First,0PMA6211,92115337304,Kansas City MO,3/4/2015,1:29:17 PM,Baltimore MD,"DBCS/DIOSS BCS DPS, 3rd PASS",4,1
0PMA6212,Fridley,MN,400069,15513870,1774,1841,27020146577557600000000000000,3/19/2015,Standard,0PMA6212,68410620016,Charlotte NC,3/24/2015,10:01:21 AM,Romulus MI,"DBCS/DIOSS BCS DPS, 4th PASS",5,1
0PMA6213,Hartford,CT,1802834321,40645503,3395,3462,27020146584410500000000000000,3/31/2015,First,0PMA6213,11784401331,Phoenix AZ,4/5/2015,9:47:31 AM,Fridley MN,"DBCS/DIOSS BCS DPS, 2nd PASS",5,1
0PMA6214,Grand Prairie,TX,1802031971,16343016,1010,1077,27020146584410600000000000000,3/13/2015,First,0PMA6214,28365603814,Brisbane CA,3/21/2015,10:12:52 AM,Kansas City MO,"DBCS/DIOSS BCS DPS, 1ST PASS",8,1
0PMA6215,Indianapolis,IN,1802376565,7827471,2144,2211,27020146590280300000000000000,3/26/2015,Standard,0PMA6215,28314516285,Corona CA,4/5/2015,4:44:59 PM,Charlotte NC,"DBCS/DIOSS BCS DPS, 4th PASS",10,1
0PMA6216,Austin,TX,1802081779,18072339,484,551,27020146584410400000000000000,3/6/2015,First,0PMA6216,30527184048,Rancho Dominguez CA,3/11/2015,4:25:58 PM,Lincoln NE,"DBCS/DIOSS BCS DPS, 2nd PASS",5,1
0PMA6217,Indianapolis,IN,1803009441,7827471,2010,2077,27020146577558100000000000000,2/23/2015,Standard,0PMA6217,92154227295,Brisbane CA,3/5/2015,11:02:15 AM,Pine Brook NJ,"DBCS/DIOSS BCS DPS, 1ST PASS",10,1
0PMA6218,Austin,TX,212699,7295442,145,212,27020146577558200000000000000,3/31/2015,First,0PMA6218,32732893493,Corona CA,4/3/2015,11:37:32 AM,Cincinnati OH,"DBCS/DIOSS BCS DPS, 3rd PASS",3,1
0PMA6219,Jacksonville,FL,1802370497,17317998,222,289,27020146577556600000000000000,4/6/2015,Standard,0PMA6219,92056353870,Rancho Dominguez CA,4/13/2015,9:21:27 AM,BenSalem PA,"DBCS/DIOSS BCS DPS, 4th PASS",7,1
0PMA6220,Austin,TX,1802170609,9772893,858,925,27020146584410700000000000000,3/1/2015,First,0PMA6220,44406760169,Denver CO,3/11/2015,8:38:50 AM,Duncan SC,"DBCS/DIOSS BCS DPS, 2nd PASS",10,1
0PMA6221,Jacksonville,FL,1800007181,17184186,858,925,27020146577557000000000000000,4/13/2015,Standard,0PMA6221,85297523179,Phoenix AZ,4/15/2015,4:27:50 PM,Austin TX,"DBCS/DIOSS BCS DPS, 1ST PASS",2,1
0PMA6222,Kansas City,MO,1802728445,15801702,388,455,27020146577557000000000000000,3/13/2015,First,0PMA6222,45216000000,Brisbane CA,3/21/2015,9:23:28 AM,Kent WA,"DBCS/DIOSS BCS DPS, 3rd PASS",8,1
0PMA6223,Grove City,OH,1802376639,7827471,8320,8387,27020146577557000000000000000,3/13/2015,First,0PMA6223,92336316637,Corona CA,3/15/2015,8:20:41 AM,Phoenix AZ,"DBCS/DIOSS BCS DPS, 4th PASS",2,1
0PMA6224,Ashland,VA,1806891003,13452744,145,212,27020146577557000000000000000,3/12/2015,Standard,0PMA6224,20886395201,Rancho Dominguez CA,3/14/2015,4:45:16 PM,Brisbane CA,"DBCS/DIOSS BCS DPS, 2nd PASS",2,1
0PMA6225,Romulus,MI,1802176393,25288341,858,925,27020146577556300000000000000,2/24/2015,First,0PMA6225,68852001414,Denver CO,3/4/2015,10:21:22 AM,Corona CA,"DBCS/DIOSS BCS DPS, 1ST PASS",8,1
0PMA6226,Pine Brook,NJ,1802169631,9427152,1055,1122,27020146577556300000000000000,3/15/2015,Standard,0PMA6226,35611427807,Hartford CT,3/17/2015,11:57:33 AM,Rancho Dominguez CA,"DBCS/DIOSS BCS DPS, 1ST PASS",2,1
0PMA6227,San Diego,CA,1802045117,9232092,3395,3462,27020146577556200000000000000,3/9/2015,First,0PMA6227,30004664399,Denver CO,3/11/2015,4:59:23 PM,Denver CO,"DBCS/DIOSS BCS DPS, 3rd PASS",2,1
0PMA6228,Lincoln,NE,1802130625,12168087,2010,2077,27020146577556500000000000000,3/27/2015,Standard,0PMA6228,98155756057,Hartford CT,3/28/2015,11:10:45 AM,Hartford CT,"DBCS/DIOSS BCS DPS, 4th PASS",1,1
0PMA6229,Brisbane,CA,1802170149,24915747,291,358,27020146577557000000000000000,3/7/2015,First,0PMA6229,77573627942,Jacksonville FL,3/17/2015,10:30:52 AM,Jacksonville FL,"DBCS/DIOSS BCS DPS, 2nd PASS",10,1
0PMA6230,Hicksville,NY,1802170155,14684184,3101,3168,27020146577557000000000000000,3/2/2015,Standard,0PMA6230,78747394001,Atlanta GA,3/8/2015,3:48:32 PM,Atlanta GA,"DBCS/DIOSS BCS DPS, 1ST PASS",6,1
0PMA6231,West Sacramento,CA,1802167001,13001070,1010,1077,27020146590279900000000000000,3/7/2015,First,0PMA6231,44141174310,Baltimore MD,3/16/2015,2:32:21 PM,Cedar Rapids IA,"DBCS/DIOSS BCS DPS, 4th PASS",9,1
0PMA6232,Atlanta,GA,1795517,39805581,291,358,27020146590283500000000000000,2/28/2015,Standard,0PMA6232,89134642853,Romulus MI,3/5/2015,12:01:26 PM,Indianapolis IN,"DBCS/DIOSS BCS DPS, 2nd PASS",5,1
0PMA6233,Stafford,TX,1802383011,33959334,484,551,27020146590281000000000000000,4/2/2015,First,0PMA6233,28697095555,Kent WA,4/5/2015,1:09:50 PM,Baltimore MD,"DBCS/DIOSS BCS DPS, 3rd PASS",3,1
0PMA6234,Phoenix,AZ,1802167163,16100025,3101,3168,27020146590278900000000000000,2/27/2015,Standard,0PMA6234,17201245836,Pine Brook NJ,3/2/2015,3:34:34 PM,Romulus MI,"DBCS/DIOSS BCS DPS, 4th PASS",3,1
0PMA6235,Arlington,TX,1802228791,11780505,1774,1841,27020146590280500000000000000,3/18/2015,First,0PMA6235,79705620329,BenSalem PA,3/28/2015,9:03:19 AM,Fridley MN,"DBCS/DIOSS BCS DPS, 2nd PASS",10,1
0PMA6236,Duncan,SC,1802728457,9726609,3395,3462,27020146590278600000000000000,3/10/2015,Standard,0PMA6236,6249251980,Duncan SC,3/15/2015,10:56:12 AM,Kansas City MO,"DBCS/DIOSS BCS DPS, 1ST PASS",5,1
0PMA6237,Hartford,CT,1846141003,13424688,1010,1077,27020146584411200000000000000,3/15/2015,Standard,0PMA6237,68901361135,Austin TX,3/23/2015,3:43:47 PM,Charlotte NC,"DBCS/DIOSS BCS DPS, 1ST PASS",8,1
0PMA6238,Grand Prairie,TX,203751,15087471,291,358,27020146584412000000000000000,3/14/2015,First,0PMA6238,93706395751,Kent WA,3/19/2015,4:09:24 PM,Lincoln NE,"DBCS/DIOSS BCS DPS, 3rd PASS",5,1
0PMA6239,Indianapolis,IN,1795433,19589340,484,551,27020146590282700000000000000,4/8/2015,Standard,0PMA6239,70805440766,Pine Brook NJ,4/12/2015,11:58:34 AM,Pine Brook NJ,"DBCS/DIOSS BCS DPS, 4th PASS",4,1
0PMA6240,Austin,TX,1803138589,12990336,3101,3168,27020146584411200000000000000,3/4/2015,First,0PMA6240,21061483059,Cincinnati OH,3/13/2015,11:58:25 AM,Cincinnati OH,"DBCS/DIOSS BCS DPS, 2nd PASS",9,1
0PMA6241,Denver,CO,1800007503,10886931,1774,1841,27020146590278600000000000000,3/26/2015,Standard,0PMA6241,64468111123,BenSalem PA,3/30/2015,9:57:53 AM,BenSalem PA,"DBCS/DIOSS BCS DPS, 1ST PASS",4,1
0PMA6242,Fridley,MN,1802117567,11832990,3395,3462,27020146584407600000000000000,3/28/2015,Standard,0PMA6242,66085919320,Duncan SC,3/29/2015,1:02:56 PM,Duncan SC,"DBCS/DIOSS BCS DPS, 3rd PASS",1,1
0PMA6243,Hartford,CT,400473,17133408,1010,1077,27020146584406900000000000000,3/21/2015,First,0PMA6243,63116490313,Austin TX,3/31/2015,4:44:41 PM,Austin TX,"DBCS/DIOSS BCS DPS, 4th PASS",10,1
0PMA6244,Grand Prairie,TX,1802170563,9594225,427,494,27020146584407200000000000000,4/10/2015,Standard,0PMA6244,40272503016,Kent WA,4/15/2015,3:25:12 PM,Kent WA,"DBCS/DIOSS BCS DPS, 2nd PASS",5,1
0PMA6245,Indianapolis,IN,1800007181,17184186,388,455,27020146577557100000000000000,4/10/2015,First,0PMA6245,41042303344,Baltimore MD,4/13/2015,8:37:41 AM,Phoenix AZ,"DBCS/DIOSS BCS DPS, 1ST PASS",3,1
0PMA6246,Austin,TX,203751,15087471,858,925,27020146577556100000000000000,3/2/2015,Standard,0PMA6246,54456133305,Cincinnati OH,3/8/2015,3:35:08 PM,Brisbane CA,"DBCS/DIOSS BCS DPS, 3rd PASS",6,1
0PMA6247,Jacksonville,FL,1795433,19589340,2010,2077,27020146584408000000000000000,3/7/2015,First,0PMA6247,72396757006,BenSalem PA,3/10/2015,9:47:05 AM,Corona CA,"DBCS/DIOSS BCS DPS, 4th PASS",3,1
0PMA6248,Reading,PA,1803138589,12990336,145,212,27020146584411600000000000000,3/25/2015,Standard,0PMA6248,24064151128,Duncan SC,4/1/2015,3:10:57 PM,Rancho Dominguez CA,"DBCS/DIOSS BCS DPS, 2nd PASS",7,1
0PMA6249,Romulus,MI,1800007503,10886931,222,289,27020146590283000000000000000,3/8/2015,First,0PMA6249,44312362240,Austin TX,3/10/2015,2:52:13 PM,Denver CO,"DBCS/DIOSS BCS DPS, 4th PASS",2,1
0PMA6250,Pine Brook,NJ,1802117567,11832990,858,925,27020146590283000000000000000,3/20/2015,Standard,0PMA6250,33167153380,Indianapolis IN,3/24/2015,2:49:55 PM,Hartford CT,"DBCS/DIOSS BCS DPS, 2nd PASS",4,1
0PMA6251,San Diego,CA,400473,17133408,858,925,27020146590282900000000000000,4/3/2015,First,0PMA6251,76302291022,BenSalem PA,4/10/2015,12:11:57 PM,Jacksonville FL,"DBCS/DIOSS BCS DPS, 1ST PASS",7,1
0PMA6252,Brisbane,CA,1800007509,17203542,1055,1122,27020146590283500000000000000,2/24/2015,Standard,0PMA6252,91607198500,Duncan SC,3/4/2015,10:26:15 AM,Atlanta GA,"DBCS/DIOSS BCS DPS, 3rd PASS",8,1
0PMA6253,Hicksville,NY,1800006947,9387318,3395,3462,27020146584408100000000000000,3/26/2015,First,0PMA6253,89512175207,Austin TX,3/27/2015,3:43:47 PM,Cedar Rapids IA,"DBCS/DIOSS BCS DPS, 4th PASS",1,1
0PMA6254,West Sacramento,CA,1802130731,13626975,2010,2077,27020146584409700000000000000,3/3/2015,Standard,0PMA6254,97403198457,Indianapolis IN,3/7/2015,9:23:46 AM,Indianapolis IN,"DBCS/DIOSS BCS DPS, 3rd PASS",4,1
0PMA6255,Atlanta,GA,1803097149,34273215,291,358,27020146590279100000000000000,3/21/2015,First,0PMA6255,97504473450,Baltimore MD,3/29/2015,1:00:46 PM,Baltimore MD,"DBCS/DIOSS BCS DPS, 4th PASS",8,1
0PMA6256,Stafford,TX,1802000001,14972544,2010,2077,27020146689237200000000000000,3/29/2015,Standard,0PMA6256,80246214329,Cincinnati OH,4/4/2015,2:30:20 PM,Romulus MI,"DBCS/DIOSS BCS DPS, 2nd PASS",6,1
0PMA6257,Phoenix,AZ,1802170521,18828327,301,368,27020146689237200000000000000,3/1/2015,First,0PMA6257,13782180876,BenSalem PA,3/11/2015,12:30:14 PM,Fridley MN,"DBCS/DIOSS BCS DPS, 1ST PASS",10,1
0PMA6258,Arlington,TX,1802153671,19576137,1010,1077,27020146377560000000000000000,4/7/2015,Standard,0PMA6258,48371523586,Duncan SC,4/13/2015,3:28:39 PM,Kansas City MO,"DBCS/DIOSS BCS DPS, 3rd PASS",6,1
0PMA6259,Duncan,SC,1806891003,13452744,4125,4192,27020146377559900000000000000,3/14/2015,First,0PMA6259,28607782774,Austin TX,3/16/2015,10:53:02 AM,Charlotte NC,"DBCS/DIOSS BCS DPS, 4th PASS",2,1
0PMA6260,Atlanta,GA,1802176393,25288341,3395,3462,27020146377560100000000000000,3/3/2015,Standard,0PMA6260,38006376337,Jacksonville FL,3/4/2015,11:08:53 AM,Lincoln NE,"DBCS/DIOSS BCS DPS, 2nd PASS",1,1
0PMA6261,Stafford,TX,1802169631,9427152,3101,3168,27020146377560000000000000000,4/3/2015,First,0PMA6261,92115337304,Atlanta GA,4/7/2015,3:13:32 PM,Pine Brook NJ,"DBCS/DIOSS BCS DPS, 1ST PASS",4,1
0PMA6262,Phoenix,AZ,1802045117,9232092,484,551,27020146377560000000000000000,4/7/2015,Standard,0PMA6262,68410620016,Cedar Rapids IA,4/11/2015,2:53:23 PM,Cincinnati OH,"DBCS/DIOSS BCS DPS, 3rd PASS",4,1
0PMA6263,Omaha,NE,1802130625,12168087,1209,1276,27020146377560000000000000000,3/8/2015,First,0PMA6263,11784401331,Cedar Rapids IA,3/12/2015,8:17:14 AM,BenSalem PA,"DBCS/DIOSS BCS DPS, 4th PASS",4,1
0PMA6264,Kent,WA,1802170149,24915747,484,551,27020146377559900000000000000,3/4/2015,Standard,0PMA6264,28365603814,Denver CO,3/11/2015,4:03:30 PM,Duncan SC,"DBCS/DIOSS BCS DPS, 2nd PASS",7,1
0PMA6265,Urbandale,IA,1802170155,14684184,2144,2211,27020146377560100000000000000,3/17/2015,First,0PMA6265,28314516285,Hartford CT,3/22/2015,10:52:02 AM,Austin TX,"DBCS/DIOSS BCS DPS, 1ST PASS",5,1
0PMA6266,Madison,WI,1802081779,18072339,484,551,27020146377560000000000000000,3/4/2015,Standard,0PMA6266,30527184048,Jacksonville FL,3/13/2015,9:43:38 AM,Kent WA,"DBCS/DIOSS BCS DPS, 2nd PASS",9,1
0PMA6267,Duncan,SC,1803009441,7827471,366,433,27020146377560000000000000000,2/27/2015,First,0PMA6267,92154227295,Atlanta GA,3/5/2015,10:40:05 AM,Phoenix AZ,"DBCS/DIOSS BCS DPS, 1ST PASS",6,1
0PMA6268,Omaha,NE,212699,7295442,11618,11685,27020146377560000000000000000,3/13/2015,Standard,0PMA6268,32732893493,Jacksonville FL,3/16/2015,9:08:30 AM,Brisbane CA,"DBCS/DIOSS BCS DPS, 3rd PASS",3,1
0PMA6269,Kent,WA,1802376639,7827471,4125,4192,27020146377560000000000000000,3/19/2015,First,0PMA6269,92056353870,Atlanta GA,3/27/2015,9:14:24 AM,Corona CA,"DBCS/DIOSS BCS DPS, 4th PASS",8,1
0PMA6270,Urbandale,IA,1806891003,13452744,427,494,27020146686311100000000000000,2/27/2015,Standard,0PMA6270,44406760169,Cedar Rapids IA,3/7/2015,9:47:31 AM,Rancho Dominguez CA,"DBCS/DIOSS BCS DPS, 2nd PASS",8,1
0PMA6271,Madison,WI,1802176393,25288341,484,551,27020146679314900000000000000,3/28/2015,First,0PMA6271,85297523179,Denver CO,4/3/2015,3:38:27 PM,Denver CO,"DBCS/DIOSS BCS DPS, 4th PASS",6,1
0PMA6272,Denver,CO,1802169631,9427152,388,455,27020146679314900000000000000,3/23/2015,Standard,0PMA6272,45216000000,Hartford CT,3/27/2015,12:36:52 PM,Hartford CT,"DBCS/DIOSS BCS DPS, 2nd PASS",4,1
0PMA6273,Fridley,MN,1802045117,9232092,8320,8387,27020146679314900000000000000,3/19/2015,First,0PMA6273,92336316637,Jacksonville FL,3/29/2015,2:08:36 PM,Jacksonville FL,"DBCS/DIOSS BCS DPS, 1ST PASS",10,1
0PMA6274,Hartford,CT,1802130625,12168087,145,212,27020146679314900000000000000,4/3/2015,Standard,0PMA6274,20886395201,Atlanta GA,4/8/2015,9:55:44 AM,Atlanta GA,"DBCS/DIOSS BCS DPS, 3rd PASS",5,1
0PMA6275,Grand Prairie,TX,1802170149,24915747,858,925,27020146679314900000000000000,4/1/2015,First,0PMA6275,68852001414,Rancho Dominguez CA,4/10/2015,9:43:21 AM,Cedar Rapids IA,"DBCS/DIOSS BCS DPS, 4th PASS",9,1
0PMA6276,Indianapolis,IN,1802170155,14684184,2010,2077,27020146679314900000000000000,4/3/2015,First,0PMA6276,35611427807,Denver CO,4/13/2015,11:53:14 AM,Indianapolis IN,"DBCS/DIOSS BCS DPS, 2nd PASS",10,1
0PMA6277,Austin,TX,1802167001,13001070,145,212,27020146679314900000000000000,2/20/2015,Standard,0PMA6277,30004664399,Hartford CT,3/2/2015,11:15:39 AM,Baltimore MD,"DBCS/DIOSS BCS DPS, 1ST PASS",10,1
0PMA6278,Hartford,CT,1795517,39805581,222,289,27020146590279900000000000000,3/11/2015,First,0PMA6278,98155756057,Jacksonville FL,3/16/2015,9:18:43 AM,Romulus MI,"DBCS/DIOSS BCS DPS, 3rd PASS",5,1
0PMA6279,Grand Prairie,TX,1802170149,24915747,858,925,27020146584407100000000000000,4/5/2015,Standard,0PMA6279,77573627942,Denver CO,4/10/2015,3:48:14 PM,Fridley MN,"DBCS/DIOSS BCS DPS, 4th PASS",5,1
0PMA6280,Indianapolis,IN,1802170155,14684184,858,925,27020146584406600000000000000,3/26/2015,First,0PMA6280,78747394001,Hartford CT,3/27/2015,1:13:52 PM,Kansas City MO,"DBCS/DIOSS BCS DPS, 2nd PASS",1,1
0PMA6281,Cincinnati,OH,1802167001,13001070,1055,1122,27020146575414100000000000000,2/25/2015,Standard,0PMA6281,44141174310,Cedar Rapids IA,3/6/2015,2:26:18 PM,Charlotte NC,"DBCS/DIOSS BCS DPS, 1ST PASS",9,1
0PMA6282,Kansas City,MO,1795517,39805581,3395,3462,27020146575414100000000000000,3/28/2015,First,0PMA6282,89134642853,Charlotte NC,4/2/2015,9:55:52 AM,Lincoln NE,"DBCS/DIOSS BCS DPS, 3rd PASS",5,1
0PMA6283,Grove City,OH,1802383011,33959334,2010,2077,27020146590280500000000000000,3/7/2015,Standard,0PMA6283,28697095555,Lincoln NE,3/16/2015,3:31:06 PM,Pine Brook NJ,"DBCS/DIOSS BCS DPS, 4th PASS",9,1
0PMA6284,Rancho Dominguez,CA,1802167163,16100025,291,358,27020146584406800000000000000,3/23/2015,First,0PMA6284,17201245836,Pine Brook NJ,3/26/2015,4:17:37 PM,Cincinnati OH,"DBCS/DIOSS BCS DPS, 2nd PASS",3,1
0PMA6285,Cincinnati,OH,1795433,19589340,2010,2077,27020146590278500000000000000,4/2/2015,Standard,0PMA6285,79705620329,Kent WA,4/4/2015,12:45:22 PM,BenSalem PA,"DBCS/DIOSS BCS DPS, 1ST PASS",2,1
0PMA6286,Kansas City,MO,1803138589,12990336,301,368,27020146590279600000000000000,3/3/2015,First,0PMA6286,6249251980,Brisbane CA,3/6/2015,9:42:46 AM,Duncan SC,"DBCS/DIOSS BCS DPS, 3rd PASS",3,1
0PMA6287,Grove City,OH,1800007503,10886931,1010,1077,27020146584406600000000000000,3/30/2015,First,0PMA6287,68901361135,Corona CA,4/7/2015,4:15:01 PM,Austin TX,"DBCS/DIOSS BCS DPS, 4th PASS",8,1
0PMA6288,Rancho Dominguez,CA,1802117567,11832990,2144,2211,27020146555877900000000000000,3/30/2015,Standard,0PMA6288,93706395751,Corona CA,4/7/2015,8:31:12 AM,Kent WA,"DBCS/DIOSS BCS DPS, 2nd PASS",8,1
0PMA6289,Charlotte,NC,400473,17133408,484,551,27020146689237100000000000000,4/8/2015,First,0PMA6289,70805440766,Rancho Dominguez CA,4/14/2015,3:06:37 PM,Phoenix AZ,"DBCS/DIOSS BCS DPS, 1ST PASS",6,1
0PMA6290,Brisbane,CA,1802170563,9594225,366,433,27020146689237100000000000000,3/14/2015,Standard,0PMA6290,21061483059,Denver CO,3/18/2015,2:49:55 PM,Brisbane CA,"DBCS/DIOSS BCS DPS, 4th PASS",4,1
0PMA6291,Hicksville,NY,1800007503,10886931,11618,11685,27020146377560000000000000000,3/1/2015,Standard,0PMA6291,64468111123,Hartford CT,3/3/2015,4:18:46 PM,Corona CA,"DBCS/DIOSS BCS DPS, 2nd PASS",2,1
0PMA6292,West Sacramento,CA,1802117567,11832990,3395,3462,27020146377560000000000000000,4/5/2015,First,0PMA6292,66085919320,Jacksonville FL,4/6/2015,1:43:58 PM,Rancho Dominguez CA,"DBCS/DIOSS BCS DPS, 1ST PASS",1,1
0PMA6293,Atlanta,GA,400473,17133408,1010,1077,27020146377560100000000000000,3/10/2015,Standard,0PMA6293,63116490313,Denver CO,3/18/2015,8:40:25 AM,Denver CO,"DBCS/DIOSS BCS DPS, 2nd PASS",8,1
0PMA6294,Stafford,TX,1802170563,9594225,427,494,27020146377560100000000000000,3/6/2015,First,0PMA6294,40272503016,Hartford CT,3/13/2015,9:04:11 AM,Hartford CT,"DBCS/DIOSS BCS DPS, 1ST PASS",7,1
0PMA6295,Phoenix,AZ,1800007181,17184186,388,455,27020146377560000000000000000,4/1/2015,Standard,0PMA6295,41042303344,Cedar Rapids IA,4/9/2015,12:42:03 PM,Jacksonville FL,"DBCS/DIOSS BCS DPS, 3rd PASS",8,1
0PMA6296,Brisbane,CA,1999995481,7212636,858,925,27020146377560000000000000000,3/19/2015,First,0PMA6296,54456133305,Indianapolis IN,3/24/2015,11:33:48 AM,Atlanta GA,"DBCS/DIOSS BCS DPS, 4th PASS",5,1
0PMA6297,Hicksville,NY,1802626637,38113497,2010,2077,27020146377559900000000000000,4/3/2015,First,0PMA6297,72396757006,Baltimore MD,4/9/2015,12:43:38 PM,Cedar Rapids IA,"DBCS/DIOSS BCS DPS, 2nd PASS",6,1
0PMA6298,West Sacramento,CA,1800006827,11858424,145,212,27020146377560200000000000000,4/2/2015,Standard,0PMA6298,24064151128,Romulus MI,4/9/2015,1:14:44 PM,Indianapolis IN,"DBCS/DIOSS BCS DPS, 1ST PASS",7,1
0PMA6299,Atlanta,GA,1818267003,12929859,2010,2077,27020146377560200000000000000,3/3/2015,First,0PMA6299,44312362240,Fridley MN,3/4/2015,11:07:44 AM,Baltimore MD,"DBCS/DIOSS BCS DPS, 3rd PASS",1,1
0PMA6300,Stafford,TX,1802020743,18058923,301,368,27020146377560100000000000000,4/3/2015,Standard,0PMA6300,33167153380,Kansas City MO,4/7/2015,11:30:46 AM,Romulus MI,"DBCS/DIOSS BCS DPS, 4th PASS",4,1
0PMA6301,Phoenix,AZ,1802167155,19306242,1010,1077,27020146377560000000000000000,3/22/2015,First,0PMA6301,76302291022,Charlotte NC,3/29/2015,9:47:57 AM,Fridley MN,"DBCS/DIOSS BCS DPS, 2nd PASS",7,1
0PMA6302,Arlington,TX,1802383011,33959334,4125,4192,27020146377560100000000000000,3/5/2015,First,0PMA6302,91607198500,Lincoln NE,3/8/2015,3:48:40 PM,Kansas City MO,"DBCS/DIOSS BCS DPS, 1ST PASS",3,1
0PMA6303,Duncan,SC,1802167163,16100025,3395,3462,27020146686311100000000000000,4/10/2015,Standard,0PMA6303,89512175207,Pine Brook NJ,4/11/2015,8:08:10 AM,Charlotte NC,"DBCS/DIOSS BCS DPS, 3rd PASS",1,1
0PMA6304,Omaha,NE,1795433,19589340,2010,2077,27020146679314900000000000000,3/14/2015,First,0PMA6304,97403198457,Kent WA,3/17/2015,8:55:15 AM,Lincoln NE,"DBCS/DIOSS BCS DPS, 4th PASS",3,1
0PMA6305,Kent,WA,1803138589,12990336,291,358,27020146679314900000000000000,2/20/2015,Standard,0PMA6305,97504473450,Brisbane CA,3/2/2015,9:12:23 AM,Pine Brook NJ,"DBCS/DIOSS BCS DPS, 2nd PASS",10,1
0PMA6306,Urbandale,IA,1800007503,10886931,2010,2077,27020146679314900000000000000,4/2/2015,First,0PMA6306,80246214329,Corona CA,4/7/2015,1:35:28 PM,Cincinnati OH,"DBCS/DIOSS BCS DPS, 1ST PASS",5,1
0PMA6307,Madison,WI,1800007181,17184186,301,368,27020146679314900000000000000,4/11/2015,Standard,0PMA6307,13782180876,Rancho Dominguez CA,4/12/2015,3:52:25 PM,BenSalem PA,"DBCS/DIOSS BCS DPS, 3rd PASS",1,1
0PMA6308,Denver,CO,1800007181,17184186,1010,1077,27020146679314900000000000000,3/24/2015,First,0PMA6308,48371523586,Denver CO,4/2/2015,4:44:24 PM,Duncan SC,"DBCS/DIOSS BCS DPS, 2nd PASS",9,1
0PMA6309,Fridley,MN,1999995481,7212636,4125,4192,27020146679314900000000000000,3/31/2015,Standard,0PMA6309,28607782774,Hartford CT,4/7/2015,2:24:35 PM,Austin TX,"DBCS/DIOSS BCS DPS, 1ST PASS",7,1
0PMA6310,Hartford,CT,1802626637,38113497,3395,3462,27020146679314900000000000000,2/19/2015,First,0PMA6310,38006376337,Jacksonville FL,3/1/2015,12:32:50 PM,Kent WA,"DBCS/DIOSS BCS DPS, 3rd PASS",10,1
0PMA6311,Grand Prairie,TX,1800006827,11858424,3101,3168,27020146590278300000000000000,3/26/2015,First,0PMA6311,92115337304,Phoenix AZ,3/31/2015,12:13:32 PM,Phoenix AZ,"DBCS/DIOSS BCS DPS, 4th PASS",5,1
0PMA6312,Indianapolis,IN,1802176393,25288341,484,551,27020146584406600000000000000,3/17/2015,Standard,0PMA6312,68410620016,Brisbane CA,3/23/2015,8:06:35 AM,Brisbane CA,"DBCS/DIOSS BCS DPS, 1ST PASS",6,1
0PMA6313,Rancho Dominguez,CA,1802169631,9427152,1209,1276,27020146584406800000000000000,3/10/2015,First,0PMA6313,11784401331,Corona CA,3/14/2015,12:23:11 PM,Corona CA,"DBCS/DIOSS BCS DPS, 3rd PASS",4,1
0PMA6314,Charlotte,NC,1802045117,9232092,484,551,27020146575414100000000000000,3/21/2015,Standard,0PMA6314,28365603814,Rancho Dominguez CA,3/29/2015,8:28:54 AM,Rancho Dominguez CA,"DBCS/DIOSS BCS DPS, 1ST PASS",8,1
0PMA6315,Brisbane,CA,1802176393,25288341,2144,2211,27020146575414100000000000000,3/1/2015,First,0PMA6315,28314516285,Denver CO,3/2/2015,8:18:49 AM,Denver CO,"DBCS/DIOSS BCS DPS, 3rd PASS",1,1
0PMA6316,Hicksville,NY,1802169631,9427152,484,551,27020146590280200000000000000,3/10/2015,Standard,0PMA6316,30527184048,Hartford CT,3/14/2015,1:03:56 PM,Hartford CT,"DBCS/DIOSS BCS DPS, 4th PASS",4,1
0PMA6317,West Sacramento,CA,1802045117,9232092,366,433,27020146584407600000000000000,3/3/2015,First,0PMA6317,92154227295,Jacksonville FL,3/5/2015,4:39:04 PM,Jacksonville FL,"DBCS/DIOSS BCS DPS, 2nd PASS",2,1
0PMA6318,Atlanta,GA,1800007181,17184186,11618,11685,27020146590280600000000000000,3/10/2015,Standard,0PMA6318,32732893493,Romulus MI,3/20/2015,3:59:46 PM,Atlanta GA,"DBCS/DIOSS BCS DPS, 1ST PASS",10,1
0PMA6319,Stafford,TX,1802728445,15801702,4125,4192,27020146590279200000000000000,3/31/2015,First,0PMA6319,92056353870,Fridley MN,4/7/2015,10:45:07 AM,Cedar Rapids IA,"DBCS/DIOSS BCS DPS, 3rd PASS",7,1
0PMA6320,Phoenix,AZ,1802376639,7827471,427,494,27020146584407500000000000000,3/26/2015,Standard,0PMA6320,44406760169,Kansas City MO,4/5/2015,1:22:48 PM,Indianapolis IN,"DBCS/DIOSS BCS DPS, 4th PASS",10,1
0PMA6321,Brisbane,CA,1806891003,13452744,484,551,27020146525807200000000000000,4/1/2015,First,0PMA6321,85297523179,Jacksonville FL,4/4/2015,12:19:35 PM,Baltimore MD,"DBCS/DIOSS BCS DPS, 1ST PASS",3,1
0PMA6322,Hicksville,NY,1802176393,25288341,388,455,27020146689237200000000000000,3/30/2015,Standard,0PMA6322,45216000000,Phoenix AZ,4/3/2015,2:34:57 PM,Romulus MI,"DBCS/DIOSS BCS DPS, 3rd PASS",4,1
0PMA6323,West Sacramento,CA,1802169631,9427152,8320,8387,27020146689237200000000000000,4/5/2015,First,0PMA6323,92336316637,Brisbane CA,4/15/2015,12:26:30 PM,Fridley MN,"DBCS/DIOSS BCS DPS, 4th PASS",10,1
0PMA6324,Pine Brook,NJ,1802045117,9232092,388,455,27020146377559900000000000000,3/9/2015,Standard,0PMA6324,20886395201,Corona CA,3/18/2015,3:37:09 PM,Kansas City MO,"DBCS/DIOSS BCS DPS, 4th PASS",9,1
0PMA6325,San Diego,CA,1802176393,25288341,858,925,27020146377560000000000000000,3/23/2015,First,0PMA6325,68852001414,Rancho Dominguez CA,3/30/2015,10:20:38 AM,Charlotte NC,"DBCS/DIOSS BCS DPS, 2nd PASS",7,1
0PMA6326,Lincoln,NE,1802169631,9427152,2010,2077,27020146377560100000000000000,3/18/2015,Standard,0PMA6326,35611427807,Denver CO,3/20/2015,11:13:29 AM,Lincoln NE,"DBCS/DIOSS BCS DPS, 1ST PASS",2,1
0PMA6327,Brisbane,CA,1802045117,9232092,145,212,27020146377560000000000000000,2/28/2015,First,0PMA6327,30004664399,Brisbane CA,3/7/2015,3:25:38 PM,Pine Brook NJ,"DBCS/DIOSS BCS DPS, 3rd PASS",7,1
0PMA6328,Hicksville,NY,1800007181,17184186,2010,2077,27020146377560000000000000000,3/14/2015,Standard,0PMA6328,98155756057,Corona CA,3/15/2015,10:07:49 AM,Cincinnati OH,"DBCS/DIOSS BCS DPS, 4th PASS",1,1
0PMA6329,West Sacramento,CA,1802728445,15801702,301,368,27020146377560000000000000000,3/16/2015,First,0PMA6329,77573627942,Duncan SC,3/25/2015,1:14:10 PM,BenSalem PA,"DBCS/DIOSS BCS DPS, 2nd PASS",9,1
0PMA6330,Atlanta,GA,1802376639,7827471,1055,1122,27020146377560000000000000000,3/23/2015,Standard,0PMA6330,78747394001,Austin TX,3/25/2015,9:49:41 AM,Duncan SC,"DBCS/DIOSS BCS DPS, 1ST PASS",2,1
0PMA6331,Stafford,TX,1806891003,13452744,301,368,27020146377560200000000000000,3/11/2015,First,0PMA6331,44141174310,Denver CO,3/17/2015,4:23:40 PM,Austin TX,"DBCS/DIOSS BCS DPS, 3rd PASS",6,1
0PMA6332,Phoenix,AZ,1802176393,25288341,858,925,27020146377560000000000000000,3/9/2015,Standard,0PMA6332,89134642853,Hartford CT,3/10/2015,9:56:10 AM,Kent WA,"DBCS/DIOSS BCS DPS, 4th PASS",1,1
0PMA6333,Arlington,TX,1999995481,7212636,301,368,27020146377560000000000000000,3/31/2015,First,0PMA6333,28697095555,Jacksonville FL,4/7/2015,9:50:50 AM,Phoenix AZ,"DBCS/DIOSS BCS DPS, 2nd PASS",7,1
0PMA6334,Duncan,SC,1802626637,38113497,3395,3462,27020146377560100000000000000,2/28/2015,Standard,0PMA6334,17201245836,Atlanta GA,3/6/2015,3:46:39 PM,Brisbane CA,"DBCS/DIOSS BCS DPS, 4th PASS",6,1
0PMA6335,Omaha,NE,1800006827,11858424,1010,1077,27020146686311100000000000000,3/3/2015,First,0PMA6335,79705620329,Duncan SC,3/12/2015,2:29:54 PM,Corona CA,"DBCS/DIOSS BCS DPS, 2nd PASS",9,1
0PMA6336,Kent,WA,1802728457,9726609,427,494,27020146679314900000000000000,3/25/2015,Standard,0PMA6336,6249251980,Austin TX,3/28/2015,4:08:59 PM,Rancho Dominguez CA,"DBCS/DIOSS BCS DPS, 2nd PASS",3,1
0PMA6337,Urbandale,IA,1846141003,13424688,388,455,27020146679314900000000000000,4/5/2015,First,0PMA6337,68901361135,Denver CO,4/14/2015,11:29:28 AM,Denver CO,"DBCS/DIOSS BCS DPS, 1ST PASS",9,1
0PMA6338,Madison,WI,203751,15087471,858,925,27020146679314900000000000000,3/25/2015,Standard,0PMA6338,93706395751,Hartford CT,3/27/2015,1:01:55 PM,Hartford CT,"DBCS/DIOSS BCS DPS, 3rd PASS",2,1
0PMA6339,Denver,CO,1795433,19589340,2010,2077,27020146679314900000000000000,4/11/2015,First,0PMA6339,70805440766,Jacksonville FL,4/12/2015,4:47:17 PM,Jacksonville FL,"DBCS/DIOSS BCS DPS, 4th PASS",1,1
0PMA6340,Fridley,MN,1803138589,12990336,3101,3168,27020146679314900000000000000,4/4/2015,Standard,0PMA6340,21061483059,Atlanta GA,4/8/2015,2:22:25 PM,Atlanta GA,"DBCS/DIOSS BCS DPS, 2nd PASS",4,1
0PMA6341,Hartford,CT,1800007503,10886931,1774,1841,27020146679314900000000000000,2/26/2015,First,0PMA6341,64468111123,Cedar Rapids IA,3/6/2015,12:37:44 PM,Cedar Rapids IA,"DBCS/DIOSS BCS DPS, 2nd PASS",8,1
0PMA6342,Grand Prairie,TX,1802117567,11832990,3395,3462,27020146590280400000000000000,4/1/2015,Standard,0PMA6342,66085919320,Indianapolis IN,4/11/2015,11:10:45 AM,Indianapolis IN,"DBCS/DIOSS BCS DPS, 2nd PASS",10,1
0PMA6343,Indianapolis,IN,400473,17133408,1010,1077,27020146590280700000000000000,3/4/2015,First,0PMA6343,63116490313,Baltimore MD,3/11/2015,4:25:41 PM,Baltimore MD,"DBCS/DIOSS BCS DPS, 1ST PASS",7,1
0PMA6344,Austin,TX,1802170563,9594225,427,494,27020146584406800000000000000,3/21/2015,Standard,0PMA6344,40272503016,Cincinnati OH,3/30/2015,10:22:31 AM,Romulus MI,"DBCS/DIOSS BCS DPS, 3rd PASS",9,1
0PMA6345,Jacksonville,FL,1800007181,17184186,388,455,27020146575413900000000000000,3/20/2015,First,0PMA6345,41042303344,BenSalem PA,3/22/2015,12:51:24 PM,Fridley MN,"DBCS/DIOSS BCS DPS, 1ST PASS",2,1
0PMA6346,Reading,PA,1999995481,7212636,858,925,27020146575414000000000000000,3/31/2015,Standard,0PMA6346,54456133305,Pine Brook NJ,4/7/2015,8:14:38 AM,Kansas City MO,"DBCS/DIOSS BCS DPS, 3rd PASS",7,1
0PMA6347,Cincinnati,OH,1802626637,38113497,2010,2077,27020146590278600000000000000,4/2/2015,First,0PMA6347,72396757006,Cincinnati OH,4/3/2015,12:41:28 PM,Charlotte NC,"DBCS/DIOSS BCS DPS, 1ST PASS",1,1
0PMA6348,Kansas City,MO,1800006827,11858424,145,212,27020146584406600000000000000,3/21/2015,Standard,0PMA6348,24064151128,BenSalem PA,3/28/2015,4:39:39 PM,Lincoln NE,"DBCS/DIOSS BCS DPS, 3rd PASS",7,1
0PMA6349,Grove City,OH,1818267003,12929859,222,289,27020146590279800000000000000,3/4/2015,First,0PMA6349,44312362240,Duncan SC,3/10/2015,2:11:54 PM,Pine Brook NJ,"DBCS/DIOSS BCS DPS, 4th PASS",6,1
0PMA6350,Rancho Dominguez,CA,1802020743,18058923,301,368,27020146590279200000000000000,3/9/2015,Standard,0PMA6350,33167153380,Austin TX,3/13/2015,4:59:48 PM,Cincinnati OH,"DBCS/DIOSS BCS DPS, 2nd PASS",4,1
0PMA6351,Charlotte,NC,1802167155,19306242,1010,1077,27020146584407600000000000000,3/7/2015,First,0PMA6351,76302291022,Kent WA,3/12/2015,8:45:27 AM,BenSalem PA,"DBCS/DIOSS BCS DPS, 1ST PASS",5,1
0PMA6352,Cedar Rapids,IA,1800007509,17203542,4125,4192,27020146555874800000000000000,4/5/2015,Standard,0PMA6352,91607198500,Phoenix AZ,4/10/2015,9:04:54 AM,Duncan SC,"DBCS/DIOSS BCS DPS, 3rd PASS",5,1
0PMA6353,Ashland,VA,1800006947,9387318,3395,3462,27020146590283200000000000000,2/25/2015,First,0PMA6353,89512175207,Austin TX,3/7/2015,11:53:40 AM,Austin TX,"DBCS/DIOSS BCS DPS, 4th PASS",10,1
0PMA6354,Romulus,MI,1802130731,13626975,3101,3168,27020146590283200000000000000,2/27/2015,Standard,0PMA6354,97403198457,Kent WA,3/6/2015,10:55:38 AM,Kent WA,"DBCS/DIOSS BCS DPS, 4th PASS",7,1
0PMA6355,Pine Brook,NJ,1803097149,34273215,484,551,27020146590283200000000000000,2/28/2015,First,0PMA6355,97504473450,Phoenix AZ,3/1/2015,3:48:32 PM,Phoenix AZ,"DBCS/DIOSS BCS DPS, 2nd PASS",1,1
0PMA6356,San Diego,CA,1802000001,14972544,1209,1276,27020146590283500000000000000,4/6/2015,Standard,0PMA6356,80246214329,Brisbane CA,4/12/2015,2:23:00 PM,Brisbane CA,"DBCS/DIOSS BCS DPS, 1ST PASS",6,1
0PMA6357,Lincoln,NE,1802170521,18828327,484,551,27020146590283500000000000000,3/11/2015,First,0PMA6357,13782180876,Corona CA,3/17/2015,1:55:47 PM,Corona CA,"DBCS/DIOSS BCS DPS, 3rd PASS",6,1
0PMA6358,Brisbane,CA,1802153671,19576137,2144,2211,27020146590283500000000000000,4/7/2015,Standard,0PMA6358,48371523586,Rancho Dominguez CA,4/9/2015,4:34:02 PM,Rancho Dominguez CA,"DBCS/DIOSS BCS DPS, 4th PASS",2,1
0PMA6359,Hicksville,NY,1803123497,12931353,4125,4192,27020146590283500000000000000,3/27/2015,First,0PMA6359,28607782774,Lincoln NE,3/31/2015,1:26:59 PM,Denver CO,"DBCS/DIOSS BCS DPS, 2nd PASS",4,1
0PMA6360,West Sacramento,CA,1802237093,984756,3395,3462,27020146590283500000000000000,2/26/2015,Standard,0PMA6360,38006376337,BenSalem PA,3/5/2015,4:19:03 PM,Hartford CT,"DBCS/DIOSS BCS DPS, 1ST PASS",7,1
0PMA6361,Atlanta,GA,1802645685,38356386,3101,3168,27020146590282800000000000000,2/24/2015,First,0PMA6361,92115337304,Duncan SC,3/6/2015,11:08:44 AM,Jacksonville FL,"DBCS/DIOSS BCS DPS, 3rd PASS",10,1
0PMA6362,Stafford,TX,1795517,39805581,484,551,27020146590282900000000000000,4/4/2015,Standard,0PMA6362,68410620016,Austin TX,4/14/2015,4:48:17 PM,Atlanta GA,"DBCS/DIOSS BCS DPS, 4th PASS",10,1
0PMA6363,Phoenix,AZ,1802383011,33959334,1209,1276,27020146590282900000000000000,3/17/2015,First,0PMA6363,11784401331,Kent WA,3/20/2015,1:11:17 PM,Cedar Rapids IA,"DBCS/DIOSS BCS DPS, 2nd PASS",3,1
0PMA6364,Arlington,TX,1802167163,16100025,484,551,27020146590282900000000000000,3/20/2015,Standard,0PMA6364,28365603814,Denver CO,3/24/2015,11:37:58 AM,Indianapolis IN,"DBCS/DIOSS BCS DPS, 3rd PASS",4,1
0PMA6365,Duncan,SC,1802228791,11780505,2144,2211,27020146590280700000000000000,4/2/2015,First,0PMA6365,28314516285,Hartford CT,4/9/2015,10:04:13 AM,Baltimore MD,"DBCS/DIOSS BCS DPS, 4th PASS",7,1
0PMA6366,Omaha,NE,1802728457,9726609,484,551,27020146590280600000000000000,4/8/2015,Standard,0PMA6366,30527184048,Denver CO,4/11/2015,2:01:06 PM,Romulus MI,"DBCS/DIOSS BCS DPS, 1ST PASS",3,1
0PMA6367,Kent,WA,1846141003,13424688,366,433,27020146590280800000000000000,4/8/2015,First,0PMA6367,92154227295,Hartford CT,4/14/2015,8:24:00 AM,Fridley MN,"DBCS/DIOSS BCS DPS, 3rd PASS",6,1
0PMA6368,Urbandale,IA,203751,15087471,11618,11685,27020146590278200000000000000,2/26/2015,First,0PMA6368,32732893493,Kansas City MO,3/1/2015,1:08:41 PM,Kansas City MO,"DBCS/DIOSS BCS DPS, 4th PASS",3,1
0PMA6369,Madison,WI,1795433,19589340,4125,4192,27020146590281200000000000000,3/19/2015,Standard,0PMA6369,92056353870,Charlotte NC,3/27/2015,4:54:29 PM,Charlotte NC,"DBCS/DIOSS BCS DPS, 2nd PASS",8,1
0PMA6370,Denver,CO,1802170609,9772893,427,494,27020146590279500000000000000,3/2/2015,First,0PMA6370,44406760169,Lincoln NE,3/6/2015,9:35:43 AM,Lincoln NE,"DBCS/DIOSS BCS DPS, 2nd PASS",4,1
0PMA6371,Fridley,MN,1800007181,17184186,484,551,27020146590278200000000000000,4/7/2015,Standard,0PMA6371,85297523179,BenSalem PA,4/8/2015,12:04:02 PM,Pine Brook NJ,"DBCS/DIOSS BCS DPS, 1ST PASS",1,1
0PMA6372,Hartford,CT,1802728445,15801702,388,455,27020146584409700000000000000,2/21/2015,Standard,0PMA6372,45216000000,Duncan SC,3/2/2015,12:50:07 PM,Cincinnati OH,"DBCS/DIOSS BCS DPS, 3rd PASS",9,1
0PMA6373,Reading,PA,1802376639,7827471,8320,8387,27020146590279500000000000000,4/2/2015,First,0PMA6373,92336316637,Austin TX,4/5/2015,1:02:04 PM,BenSalem PA,"DBCS/DIOSS BCS DPS, 4th PASS",3,1
0PMA6374,Cincinnati,OH,1806891003,13452744,145,212,27020146590281200000000000000,3/19/2015,Standard,0PMA6374,20886395201,Kent WA,3/25/2015,11:44:18 AM,Duncan SC,"DBCS/DIOSS BCS DPS, 2nd PASS",6,1
0PMA6375,Kansas City,MO,1802176393,25288341,301,368,27020146584408000000000000000,3/22/2015,First,0PMA6375,68852001414,Phoenix AZ,4/1/2015,10:13:26 AM,Austin TX,"DBCS/DIOSS BCS DPS, 2nd PASS",10,1
0PMA6376,Grove City,OH,1802169631,9427152,2144,2211,27020146584410100000000000000,3/17/2015,Standard,0PMA6376,35611427807,Kent WA,3/18/2015,10:23:57 AM,Kent WA,"DBCS/DIOSS BCS DPS, 3rd PASS",1,1
0PMA6377,Rancho Dominguez,CA,1802045117,9232092,8320,8387,27020146584408200000000000000,2/26/2015,First,0PMA6377,30004664399,Phoenix AZ,3/5/2015,12:50:33 PM,Phoenix AZ,"DBCS/DIOSS BCS DPS, 2nd PASS",7,1
0PMA6378,Charlotte,NC,1802130625,12168087,291,358,27020146590278900000000000000,3/29/2015,Standard,0PMA6378,98155756057,Brisbane CA,4/6/2015,10:10:08 AM,Brisbane CA,"DBCS/DIOSS BCS DPS, 3rd PASS",8,1
0PMA6379,Cedar Rapids,IA,1802170149,24915747,11618,11685,27020146584408200000000000000,4/12/2015,Standard,0PMA6379,77573627942,Corona CA,4/13/2015,3:35:34 PM,Corona CA,"DBCS/DIOSS BCS DPS, 1ST PASS",1,1
0PMA6380,Ashland,VA,1802170155,14684184,1055,1122,27020146590280200000000000000,4/5/2015,First,0PMA6380,78747394001,Rancho Dominguez CA,4/12/2015,8:18:06 AM,Rancho Dominguez CA,"DBCS/DIOSS BCS DPS, 3rd PASS",7,1
0PMA6381,Romulus,MI,1802167001,13001070,301,368,27020146590279300000000000000,3/14/2015,Standard,0PMA6381,44141174310,Denver CO,3/22/2015,11:51:04 AM,Denver CO,"DBCS/DIOSS BCS DPS, 4th PASS",8,1
0PMA6382,Pine Brook,NJ,1795517,39805581,858,925,27020146590279800000000000000,3/29/2015,First,0PMA6382,89134642853,Hartford CT,3/31/2015,10:12:35 AM,Hartford CT,"DBCS/DIOSS BCS DPS, 2nd PASS",2,1
0PMA6383,San Diego,CA,1802383011,33959334,301,368,27020146584407500000000000000,4/6/2015,First,0PMA6383,28697095555,Denver CO,4/12/2015,10:16:19 AM,Jacksonville FL,"DBCS/DIOSS BCS DPS, 3rd PASS",6,1
0PMA6384,Lincoln,NE,1802167163,16100025,145,212,27020146590278600000000000000,3/6/2015,Standard,0PMA6384,17201245836,Hartford CT,3/13/2015,3:31:32 PM,Atlanta GA,"DBCS/DIOSS BCS DPS, 4th PASS",7,1
0PMA6385,Brisbane,CA,1802228791,11780505,3101,3168,27020146584408000000000000000,3/19/2015,First,0PMA6385,79705620329,Jacksonville FL,3/22/2015,9:34:16 AM,Cedar Rapids IA,"DBCS/DIOSS BCS DPS, 2nd PASS",3,1
0PMA6386,Hicksville,NY,1802728457,9726609,1010,1077,27020146584406800000000000000,2/28/2015,Standard,0PMA6386,6249251980,Atlanta GA,3/6/2015,12:18:43 PM,Indianapolis IN,"DBCS/DIOSS BCS DPS, 1ST PASS",6,1
0PMA6387,West Sacramento,CA,1846141003,13424688,145,212,27020146584407600000000000000,3/15/2015,Standard,0PMA6387,68901361135,Cedar Rapids IA,3/25/2015,8:38:24 AM,Baltimore MD,"DBCS/DIOSS BCS DPS, 3rd PASS",10,1
0PMA6388,Atlanta,GA,203751,15087471,291,358,27020146584406700000000000000,3/10/2015,First,0PMA6388,93706395751,Indianapolis IN,3/11/2015,9:15:50 AM,Romulus MI,"DBCS/DIOSS BCS DPS, 4th PASS",1,1
0PMA6389,Stafford,TX,1795433,19589340,484,551,27020146590280000000000000000,3/1/2015,Standard,0PMA6389,70805440766,Baltimore MD,3/5/2015,2:50:12 PM,Fridley MN,"DBCS/DIOSS BCS DPS, 2nd PASS",4,1
